PRAGMA foreign_keys = ON;

INSERT INTO hotel (hotelId, name) VALUES
(1, 'Last Resort Hotel');

INSERT INTO building (buildingId, hotelId, buildingName) VALUES
(1, 1, 'Main Building');

INSERT INTO wing (
    wingId, buildingId, wingCode, wingOrder,
    nearIndoorPool, nearOutdoorPool, nearParking, handicapAccess
) VALUES
(1, 1, 'A', 1, 1, 0, 1, 1),
(2, 1, 'B', 2, 0, 1, 0, 1);

INSERT INTO level (levelId, wingId, levelNumber, isSmoking) VALUES
(1, 1, 1, 0),
(2, 1, 2, 0),
(3, 2, 1, 1),
(4, 2, 2, 0);

INSERT INTO room (roomId, levelId, roomNum, isSmokingOverride) VALUES
(1, 1, '101', NULL),
(2, 1, '102', NULL),
(3, 1, '103', NULL),
(4, 1, '104', NULL),
(5, 1, '105', NULL),
(6, 2, '201', NULL),
(7, 2, '202', NULL),
(8, 2, '203', NULL),
(9, 2, '204', NULL),
(10, 2, '205', NULL),
(11, 3, 'B101', 1),
(12, 3, 'B102', 1),
(13, 3, 'B103', 1),
(14, 3, 'B104', 1),
(15, 3, 'B105', 1),
(16, 4, 'B201', NULL),
(17, 4, 'B202', NULL),
(18, 4, 'B203', NULL),
(19, 4, 'B204', NULL),
(20, 4, 'B205', NULL);

INSERT INTO capability_type (capabilityTypeId, capabilityCode) VALUES
(1, 'SLEEPING'),
(2, 'MEETING'),
(3, 'SUITE');

INSERT INTO fixture_type (fixtureTypeId, fixtureCode) VALUES
(1, 'TOILET_BATH'),
(2, 'EXTRA_MEETING_SPACE'),
(3, 'OUTDOOR_SPACE');

INSERT INTO bed_type (bedTypeId, bedCode, size, isPermanent) VALUES
(1, 'QUEEN_STD', 'QUEEN', 1),
(2, 'KING_STD', 'KING', 1),
(3, 'TWIN_STD', 'TWIN', 1),
(4, 'ROLLAWAY', 'ROLLAWAY', 0);

INSERT INTO room_fixture (roomId, fixtureTypeId) VALUES
(1, 1), (2, 1), (3, 1), (4, 1), (5, 1),
(6, 1), (7, 1), (8, 1), (9, 1), (10, 1),
(11, 1), (12, 1), (13, 1), (16, 1), (17, 1),
(18, 1), (20, 1),
(9, 2), (10, 2), (18, 2),
(10, 3), (18, 3);

INSERT INTO room_bed (roomId, bedTypeId, quantity) VALUES
(1, 1, 1),
(2, 1, 1),
(3, 3, 2),
(4, 2, 1),
(5, 3, 1),
(6, 1, 1),
(7, 2, 1),
(8, 1, 2),
(9, 2, 1),
(10, 2, 1),
(10, 4, 1),
(11, 1, 1),
(12, 3, 2),
(13, 2, 1),
(16, 1, 1),
(17, 2, 1),
(18, 2, 1),
(20, 3, 1);

INSERT INTO room_capability (roomId, capabilityTypeId, capacity, baseRate, isAssignable) VALUES
(1, 1, 2, 180.00, 1),
(2, 1, 2, 180.00, 1),
(3, 1, 3, 210.00, 1),
(4, 1, 2, 185.00, 1),
(5, 1, 1, 150.00, 1),
(6, 1, 2, 195.00, 1),
(7, 1, 2, 195.00, 1),
(8, 1, 4, 240.00, 1),
(11, 1, 2, 170.00, 1),
(12, 1, 2, 170.00, 1),
(13, 1, 2, 175.00, 1),
(16, 1, 2, 200.00, 1),
(17, 1, 2, 200.00, 1),
(20, 1, 1, 145.00, 1),
(9, 3, 4, 320.00, 1),
(10, 3, 5, 380.00, 1),
(18, 3, 4, 330.00, 1),
(14, 2, 20, 250.00, 1),
(15, 2, 60, 600.00, 1),
(19, 2, 12, 180.00, 1),
(9, 2, 8, 120.00, 1),
(10, 2, 10, 140.00, 1),
(18, 2, 8, 120.00, 1);

INSERT INTO adjacent (roomId1, roomId2, doorType) VALUES
(1, 2, 'PRIVATE_DOOR'),
(3, 4, 'PRIVATE_DOOR'),
(9, 10, 'MOVABLE_WALL_DOOR'),
(14, 15, 'MOVABLE_WALL_DOOR'),
(16, 17, 'PRIVATE_DOOR');

INSERT INTO person (personId, firstName, lastName, emailAddress, phoneNumber) VALUES
(1, 'Lionel', 'Messi', 'lionel.messi@email.com', '917-555-0101'),
(2, 'Cristiano', 'Ronaldo', 'cristiano.ronaldo@email.com', '917-555-0102'),
(3, 'Megan', 'Rapinoe', 'megan.rapinoe@email.com', '917-555-0103'),
(4, 'Kylian', 'Mbappe', 'kylian.mbappe@email.com', '917-555-0104'),
(5, 'Zendaya', 'Coleman', 'zendaya.coleman@email.com', '917-555-0105'),
(6, 'Scarlett', 'Johansson', 'scarlett.johansson@email.com', '917-555-0106'),
(7, 'Mia', 'Brown', 'mia.brown@email.com', '917-555-0107'),
(8, 'Lucas', 'Smith', 'lucas.smith@email.com', '917-555-0108'),
(9, 'Sophia', 'Davis', 'sophia.davis@email.com', '917-555-0109'),
(10, 'James', 'Wilson', 'james.wilson@email.com', '917-555-0110'),
(11, 'Robert', 'Downey', 'robert.downey@email.com', '917-555-0111'),
(12, 'Emma', 'Stone', 'emma.stone@email.com', '917-555-0112'),
(13, 'Denzel', 'Washington', 'denzel.washington@email.com', '917-555-0113'),
(14, 'Margot', 'Robbie', 'margot.robbie@email.com', '917-555-0114'),
(15, 'Harper', 'Johnson', 'harper.johnson@email.com', '917-555-0115'),
(16, 'Leonardo', 'DiCaprio', 'leonardo.dicaprio@email.com', '917-555-0116'),
(17, 'Tom', 'Cruise', 'tom.cruise@email.com', '917-555-0117'),
(18, 'Jennifer', 'Lawrence', 'jennifer.lawrence@email.com', '917-555-0118'),
(19, 'Keanu', 'Reeves', 'keanu.reeves@email.com', '917-555-0119'),
(20, 'Brad', 'Pitt', 'brad.pitt@email.com', '917-555-0120'),
(21, 'Albert', 'Einstein', 'albert.einstein@email.com', '917-555-0121'),
(22, 'Marie', 'Curie', 'marie.curie@email.com', '917-555-0122'),
(23, 'Ada', 'Lovelace', 'ada.lovelace@email.com', '917-555-0123');

INSERT INTO organization (organizationId, organizationName) VALUES
(1, 'NYU Shanghai'),
(2, 'BluePeak Consulting'),
(3, 'Sunrise Health Group'),
(4, 'Hudson Arts Council'),
(5, 'East Coast Robotics');

INSERT INTO guest (guestId, personId, pinCode, isConfidential) VALUES
(1, 1, '4829', 0),
(2, 2, '1357', 0),
(3, 3, '7712', 0),
(4, 4, '8841', 0),
(5, 5, '6620', 1),
(6, 6, '9021', 0),
(7, 11, '3184', 0),
(8, 12, '4561', 0),
(9, 13, '2918', 0),
(10, 14, '5502', 0),
(11, 16, '7764', 0),
(12, 17, '8331', 0),
(13, 18, '9042', 0),
(14, 19, '6104', 0),
(15, 20, '7208', 0),
(16, 21, '4128', 0),
(17, 22, '5739', 0),
(18, 23, '6840', 0);

INSERT INTO employee (employeeId, personId, jobTitle) VALUES
(1, 7, 'Front Desk Clerk'),
(2, 8, 'Maintenance Supervisor'),
(3, 9, 'Sales Manager'),
(4, 10, 'Housekeeping Lead'),
(5, 15, 'Concierge');

INSERT INTO organization_member (organizationId, personId) VALUES
(1, 3),
(1, 17),
(2, 4),
(2, 14),
(3, 5),
(3, 12),
(4, 19),
(5, 13),
(5, 20);

INSERT INTO party (partyId, partyType, personId, organizationId, authorizedRepPersonId) VALUES
(1, 'PERSON', 1, NULL, NULL),
(2, 'PERSON', 2, NULL, NULL),
(3, 'PERSON', 3, NULL, NULL),
(4, 'PERSON', 4, NULL, NULL),
(5, 'PERSON', 5, NULL, NULL),
(6, 'PERSON', 6, NULL, NULL),
(7, 'PERSON', 11, NULL, NULL),
(8, 'PERSON', 12, NULL, NULL),
(9, 'PERSON', 13, NULL, NULL),
(10, 'PERSON', 14, NULL, NULL),
(11, 'PERSON', 16, NULL, NULL),
(12, 'PERSON', 17, NULL, NULL),
(13, 'PERSON', 18, NULL, NULL),
(14, 'PERSON', 19, NULL, NULL),
(15, 'PERSON', 20, NULL, NULL),
(16, 'ORGANIZATION', NULL, 1, 3),
(17, 'ORGANIZATION', NULL, 2, 4),
(18, 'ORGANIZATION', NULL, 3, 5),
(19, 'ORGANIZATION', NULL, 4, 19),
(20, 'ORGANIZATION', NULL, 5, 13),
(21, 'PERSON', 21, NULL, NULL),
(22, 'PERSON', 22, NULL, NULL),
(23, 'PERSON', 23, NULL, NULL);

INSERT INTO reader (readerId, readerName, readerType, roomId, locationDescription) VALUES
(1, 'Front Desk Podium', 'FACILITY', NULL, 'Front desk check-in area'),
(2, 'Health Club Entrance', 'FACILITY', NULL, 'Health club and spa corridor'),
(3, 'Garden Restaurant Host Stand', 'FACILITY', NULL, 'Main restaurant entrance'),
(4, 'Wing A Lobby Reader', 'ENTRY', NULL, 'Wing A lobby and elevators'),
(5, 'Wing B Lobby Reader', 'ENTRY', NULL, 'Wing B lobby and elevators'),
(6, 'Room 201 Door Reader', 'ROOM', 6, 'Wing A level 2 room 201'),
(7, 'Suite 204 Door Reader', 'ROOM', 9, 'Wing A level 2 suite 204'),
(8, 'Suite 205 Door Reader', 'ROOM', 10, 'Wing A level 2 suite 205'),
(9, 'Room B101 Door Reader', 'ROOM', 11, 'Wing B level 1 room B101'),
(10, 'Room B205 Door Reader', 'ROOM', 20, 'Wing B level 2 room B205'),
(11, 'Boardroom B204 Reader', 'MEETING_ROOM', 19, 'Wing B small meeting room B204'),
(12, 'Ballroom B105 Reader', 'MEETING_ROOM', 15, 'Wing B ballroom B105'),
(13, 'Meeting Room B104 Reader', 'MEETING_ROOM', 14, 'Wing B meeting room B104'),
(14, 'Suite B203 Door Reader', 'ROOM', 18, 'Wing B level 2 suite B203'),
(15, 'Main Entrance Reader', 'ENTRY', NULL, 'Hotel main entrance');

INSERT INTO reservation (
    reservationId, bookedByPartyId, billingPartyId, bookingDate,
    plannedCheckInDate, plannedCheckOutDate, reservationStatus, advanceDeposit
) VALUES
(1, 1, 1, '2026-05-31', '2026-06-19', '2026-06-22', 'CHECKED_OUT', 100.00),
(2, 2, 2, '2026-06-09', '2026-06-29', '2026-07-02', 'CHECKED_OUT', 80.00),
(3, 3, 16, '2026-06-24', '2026-07-09', '2026-07-13', 'CHECKED_OUT', 150.00),
(4, 4, 17, '2026-06-28', '2026-07-15', '2026-07-18', 'CHECKED_OUT', 120.00),
(5, 5, 5, '2026-07-02', '2026-07-28', '2026-07-30', 'CHECKED_OUT', 200.00),
(6, 6, 18, '2026-07-17', '2026-08-02', '2026-08-04', 'CHECKED_OUT', 90.00),
(7, 7, 7, '2026-07-29', '2026-08-15', '2026-08-19', 'CHECKED_OUT', 120.00),
(8, 8, 8, '2026-08-07', '2026-08-21', '2026-08-26', 'CHECKED_IN', 150.00),
(9, 9, 20, '2026-08-09', '2026-08-22', '2026-08-27', 'CHECKED_IN', 180.00),
(10, 10, 17, '2026-08-12', '2026-08-24', '2026-08-28', 'CHECKED_IN', 100.00),
(11, 11, 11, '2026-08-15', '2026-08-25', '2026-08-27', 'CHECKED_IN', 75.00),
(12, 1, 1, '2026-08-11', '2026-08-23', '2026-08-27', 'CHECKED_IN', 130.00),
(13, 12, 16, '2026-08-13', '2026-08-26', '2026-08-29', 'BOOKED', 110.00),
(14, 13, 13, '2026-08-17', '2026-08-27', '2026-08-30', 'BOOKED', 95.00),
(15, 5, 18, '2026-06-17', '2026-06-27', '2026-06-30', 'CHECKED_OUT', 175.00),
(16, 15, 15, '2026-08-02', '2026-08-12', '2026-08-14', 'CANCELLED', 0.00),
(17, 2, 2, '2026-05-11', '2026-05-11', '2026-05-14', 'CHECKED_OUT', 90.00),
(18, 15, 15, '2026-08-22', '2026-09-14', '2026-09-17', 'BOOKED', 105.00),
(19, 21, 16, '2026-05-20', '2026-06-10', '2026-06-12', 'CHECKED_OUT', 140.00),
(20, 22, 22, '2026-06-20', '2026-07-10', '2026-07-12', 'CHECKED_OUT', 120.00),
(21, 23, 20, '2026-08-30', '2026-09-10', '2026-09-13', 'BOOKED', 160.00);

INSERT INTO reservation_preference (
    preferenceId, reservationId, numGuests, smokingPref, proximityPref, notes
) VALUES
(1, 1, 2, 0, 'near parking', 'quiet room if possible'),
(2, 2, 1, 0, 'near indoor pool', NULL),
(3, 3, 2, 0, 'high floor', 'queen bed preferred'),
(4, 4, 1, 1, 'near outdoor pool', NULL),
(5, 5, 2, 0, 'suite if available', 'late checkout requested'),
(6, 6, 1, 0, 'quiet room', NULL),
(7, 7, 3, 0, 'adjacent rooms', 'traveling with children'),
(8, 8, 1, 0, 'near health club', NULL),
(9, 9, 2, 0, 'near parking', 'corporate retreat attendees'),
(10, 10, 1, 0, 'near meeting rooms', NULL),
(11, 11, 1, 0, 'quiet floor', NULL),
(12, 12, 1, 0, 'suite if available', 'guest may need room move flexibility'),
(13, 13, 1, 0, 'near event rooms', NULL),
(14, 14, 1, 0, 'high floor', NULL),
(15, 15, 2, 0, 'quiet room', 'split room and incidentals'),
(16, 16, 1, 0, 'near parking', 'cancelled before arrival'),
(17, 17, 1, 0, 'near restaurant', 'winter training trip'),
(18, 18, 1, 0, 'high floor', 'summer premiere visit'),
(19, 19, 1, 0, 'near library', 'quiet faculty retreat'),
(20, 20, 2, 0, 'high floor', 'traveling with assistant'),
(21, 21, 1, 0, 'near meeting rooms', 'robotics briefing visit');

INSERT INTO reservation_bed_preference (preferenceId, bedTypeId, preferredQuantity) VALUES
(1, 1, 1),
(2, 2, 1),
(3, 1, 1),
(4, 3, 1),
(5, 2, 1),
(6, 1, 1),
(7, 1, 2),
(8, 2, 1),
(9, 2, 1),
(10, 1, 1),
(11, 3, 1),
(12, 2, 1),
(13, 1, 1),
(14, 3, 1),
(15, 2, 1),
(15, 4, 1),
(16, 1, 1),
(17, 1, 1),
(18, 2, 1),
(19, 1, 1),
(20, 2, 1),
(21, 1, 1);

INSERT INTO stay_room_assignment (
    stayAssignmentId, reservationId, roomId, assignedStartDate, assignedEndDate, assignmentStatus
) VALUES
(1, 1, 1, '2026-06-19', '2026-06-22', 'RELEASED'),
(2, 2, 6, '2026-06-29', '2026-07-02', 'RELEASED'),
(3, 3, 7, '2026-07-09', '2026-07-13', 'RELEASED'),
(4, 4, 11, '2026-07-15', '2026-07-18', 'RELEASED'),
(5, 5, 10, '2026-07-28', '2026-07-30', 'RELEASED'),
(6, 6, 16, '2026-08-02', '2026-08-04', 'RELEASED'),
(7, 7, 8, '2026-08-15', '2026-08-19', 'RELEASED'),
(8, 8, 6, '2026-08-21', '2026-08-26', 'OCCUPIED'),
(9, 9, 10, '2026-08-22', '2026-08-27', 'OCCUPIED'),
(10, 10, 11, '2026-08-24', '2026-08-28', 'OCCUPIED'),
(11, 11, 20, '2026-08-25', '2026-08-27', 'OCCUPIED'),
(12, 12, 8, '2026-08-23', '2026-08-24', 'RELEASED'),
(13, 12, 9, '2026-08-24', '2026-08-27', 'OCCUPIED'),
(14, 13, 7, '2026-08-26', '2026-08-29', 'RESERVED'),
(15, 14, 16, '2026-08-27', '2026-08-30', 'RESERVED'),
(16, 15, 18, '2026-06-27', '2026-06-30', 'RELEASED'),
(17, 17, 13, '2026-05-11', '2026-05-14', 'RELEASED'),
(18, 18, 4, '2026-09-14', '2026-09-17', 'RESERVED'),
(19, 19, 2, '2026-06-10', '2026-06-12', 'RELEASED'),
(20, 20, 5, '2026-07-10', '2026-07-12', 'RELEASED'),
(21, 21, 18, '2026-09-10', '2026-09-13', 'RESERVED');

INSERT INTO stay_room_guest (stayAssignmentId, guestId, occupantRole) VALUES
(1, 1, 'PRIMARY'),
(1, 4, 'SHARER'),
(2, 2, 'PRIMARY'),
(3, 3, 'PRIMARY'),
(3, 12, 'SHARER'),
(4, 4, 'PRIMARY'),
(5, 5, 'PRIMARY'),
(5, 6, 'SHARER'),
(6, 6, 'PRIMARY'),
(7, 7, 'PRIMARY'),
(7, 14, 'SHARER'),
(7, 15, 'SHARER'),
(8, 8, 'PRIMARY'),
(9, 9, 'PRIMARY'),
(9, 14, 'SHARER'),
(10, 10, 'PRIMARY'),
(11, 11, 'PRIMARY'),
(12, 1, 'PRIMARY'),
(13, 1, 'PRIMARY'),
(14, 12, 'PRIMARY'),
(15, 13, 'PRIMARY'),
(16, 5, 'PRIMARY'),
(16, 15, 'SHARER'),
(17, 2, 'PRIMARY'),
(18, 15, 'PRIMARY'),
(19, 16, 'PRIMARY'),
(20, 17, 'PRIMARY'),
(20, 14, 'SHARER'),
(21, 18, 'PRIMARY');

INSERT INTO room_extension (extensionId, stayAssignmentId, extensionHours, surchargeAmount) VALUES
(1, 5, 3, 60.00),
(2, 13, 4, 75.00);

INSERT INTO room_status (
    statusId, roomId, statusType, startTime, endTime, employeeId, notes
) VALUES
(1, 1, 'READY', '2026-08-20', '2026-09-17', 4, 'Vacant clean room'),
(2, 2, 'READY', '2026-08-20', '2026-09-17', 4, 'Vacant clean room'),
(3, 3, 'DIRTY', '2026-08-25', '2026-08-25', 4, 'Checkout pending cleaning'),
(4, 4, 'READY', '2026-08-25', '2026-09-17', 4, 'Vacant clean room'),
(5, 5, 'READY', '2026-08-25', '2026-09-17', 4, 'Vacant clean room'),
(6, 6, 'OCCUPIED', '2026-08-21', '2026-08-26', 1, 'Emma Stone checked in'),
(7, 7, 'READY', '2026-08-25', '2026-09-17', 4, 'Held for next-day arrival'),
(8, 8, 'OCCUPIED', '2026-08-15', '2026-08-19', 1, 'Family stay checked in'),
(9, 8, 'DIRTY', '2026-08-19', '2026-08-19', 4, 'Post-checkout cleaning'),
(10, 8, 'READY', '2026-08-20', '2026-08-22', 4, 'Returned to inventory'),
(11, 8, 'OCCUPIED', '2026-08-23', '2026-08-24', 1, 'Lionel Messi initial assignment'),
(12, 8, 'READY', '2026-08-25', '2026-09-17', 4, 'Guest moved to suite 204'),
(13, 9, 'OCCUPIED', '2026-08-24', '2026-08-27', 1, 'Lionel Messi reassigned due to HVAC issue'),
(14, 10, 'OCCUPIED', '2026-08-22', '2026-08-27', 1, 'Denzel Washington checked in'),
(15, 11, 'OCCUPIED', '2026-08-24', '2026-08-28', 1, 'Margot Robbie checked in'),
(16, 12, 'OUT_OF_SERVICE', '2026-08-17', '2026-08-26', 2, 'Plumbing repair in progress'),
(17, 13, 'READY', '2026-08-17', '2026-09-17', 4, 'Vacant clean room'),
(18, 14, 'READY', '2026-08-17', '2026-09-17', 4, 'Meeting room available'),
(19, 15, 'READY', '2026-08-17', '2026-09-17', 4, 'Ballroom available'),
(20, 16, 'READY', '2026-08-25', '2026-09-17', 4, 'Reserved for future arrival'),
(21, 17, 'RENOVATION', '2026-08-09', '2026-08-27', 2, 'Bathroom remodel'),
(22, 18, 'READY', '2026-08-17', '2026-09-17', 4, 'Suite available'),
(23, 19, 'READY', '2026-08-17', '2026-09-17', 4, 'Boardroom available'),
(24, 20, 'OCCUPIED', '2026-08-25', '2026-08-27', 1, 'Leonardo DiCaprio checked in'),
(25, 1, 'DIRTY', '2026-06-22', '2026-06-22', 4, 'Historical turnover cleaning'),
(26, 2, 'OCCUPIED', '2026-06-10', '2026-06-12', 1, 'Albert Einstein checked in'),
(27, 2, 'READY', '2026-06-13', '2026-08-19', 4, 'Room returned to inventory after faculty stay'),
(28, 5, 'OCCUPIED', '2026-07-10', '2026-07-12', 1, 'Marie Curie checked in'),
(29, 5, 'READY', '2026-07-13', '2026-08-24', 4, 'Room cleaned after summer visit'),
(30, 18, 'OCCUPIED', '2026-06-27', '2026-06-30', 1, 'Zendaya Coleman suite stay'),
(31, 18, 'READY', '2026-07-01', '2026-08-16', 4, 'Suite returned to inventory');

INSERT INTO event (
    eventId, eventName, hostPartyId, billedPartyId,
    startDate, endDate, estimatedAttendance, estimatedGuestCount
) VALUES
(1, 'Legends of Football Lunch', 1, 16, '2026-05-11', '2026-05-11', 12, 4),
(2, 'Global Football Strategy Workshop', 17, 17, '2026-05-22', '2026-05-22', 35, 2),
(3, 'Star Wellness Mixer', 5, 18, '2026-06-05', '2026-06-05', 70, 3),
(4, 'Alumni and Cinema Dinner', 16, 16, '2026-06-27', '2026-06-27', 60, 12),
(5, 'Celebrity Wellness Retreat Kickoff', 18, 18, '2026-07-05', '2026-07-05', 45, 10),
(6, 'Studio and Robotics Planning Session', 17, 17, '2026-07-14', '2026-07-14', 18, 4),
(7, 'Film Sponsors Investor Breakfast', 4, 17, '2026-07-15', '2026-07-15', 20, 3),
(8, 'Global Admissions Reception', 16, 16, '2026-07-16', '2026-07-16', 85, 15),
(9, 'Arts and Cinema Banquet', 19, 19, '2026-07-17', '2026-07-17', 120, 18),
(10, 'Physics Icons Reception', 21, 16, '2026-07-18', '2026-07-18', 28, 6),
(11, 'Women in Science Salon', 22, 16, '2026-07-20', '2026-07-20', 24, 5),
(12, 'Football Analytics Breakfast', 23, 20, '2026-07-22', '2026-07-22', 20, 4),
(13, 'Science Leadership Roundtable', 21, 16, '2026-08-12', '2026-08-12', 22, 5),
(14, 'Robotics and Analytics Briefing', 23, 20, '2026-09-11', '2026-09-11', 18, 4);

INSERT INTO event_guest (eventId, guestId, roleName) VALUES
(1, 1, 'HOST'),
(1, 2, 'ATTENDEE'),
(1, 4, 'ATTENDEE'),
(2, 4, 'SPEAKER'),
(2, 3, 'ATTENDEE'),
(3, 5, 'HOST'),
(3, 6, 'ATTENDEE'),
(3, 1, 'ATTENDEE'),
(4, 3, 'HOST'),
(4, 12, 'ATTENDEE'),
(4, 14, 'ATTENDEE'),
(5, 5, 'HOST'),
(5, 8, 'ATTENDEE'),
(5, 9, 'ATTENDEE'),
(6, 9, 'ATTENDEE'),
(6, 10, 'ATTENDEE'),
(7, 4, 'HOST'),
(7, 8, 'ATTENDEE'),
(7, 10, 'ATTENDEE'),
(8, 3, 'HOST'),
(8, 12, 'ATTENDEE'),
(8, 1, 'ATTENDEE'),
(9, 14, 'HOST'),
(9, 15, 'ATTENDEE'),
(10, 16, 'HOST'),
(10, 17, 'ATTENDEE'),
(10, 18, 'ATTENDEE'),
(11, 17, 'HOST'),
(11, 18, 'SPEAKER'),
(11, 8, 'ATTENDEE'),
(12, 18, 'HOST'),
(12, 1, 'ATTENDEE'),
(12, 2, 'ATTENDEE'),
(12, 4, 'ATTENDEE'),
(13, 16, 'HOST'),
(13, 17, 'SPEAKER'),
(13, 18, 'ATTENDEE'),
(14, 18, 'HOST'),
(14, 1, 'SPEAKER');

INSERT INTO event_organization (eventId, organizationId, roleName) VALUES
(1, 1, 'SPONSOR'),
(2, 2, 'HOST_ORG'),
(3, 3, 'SPONSOR'),
(4, 1, 'HOST_ORG'),
(5, 3, 'HOST_ORG'),
(6, 2, 'HOST_ORG'),
(6, 5, 'PARTNER'),
(7, 2, 'SPONSOR'),
(8, 1, 'HOST_ORG'),
(9, 4, 'HOST_ORG'),
(10, 1, 'HOST_ORG'),
(11, 1, 'HOST_ORG'),
(12, 5, 'HOST_ORG'),
(13, 1, 'HOST_ORG'),
(14, 5, 'HOST_ORG');

INSERT INTO event_room_usage (
    usageId, eventId, roomId, usageDate, usageSlot, isEatingUsage
) VALUES
(1, 1, 19, '2026-05-11', 'LUNCH', 1),
(2, 2, 14, '2026-05-22', 'MORNING', 0),
(3, 2, 14, '2026-05-22', 'AFTERNOON', 0),
(4, 3, 15, '2026-06-05', 'EVENING', 1),
(5, 3, 18, '2026-06-05', 'AFTERNOON', 0),
(6, 4, 19, '2026-06-27', 'SUPPER', 1),
(7, 5, 15, '2026-07-05', 'MORNING', 0),
(8, 5, 15, '2026-07-05', 'LUNCH', 1),
(9, 6, 14, '2026-07-14', 'AFTERNOON', 0),
(10, 7, 19, '2026-07-15', 'BREAKFAST', 1),
(11, 7, 14, '2026-07-15', 'MORNING', 0),
(12, 8, 15, '2026-07-16', 'EVENING', 1),
(13, 9, 15, '2026-07-17', 'SUPPER', 1),
(14, 9, 18, '2026-07-17', 'AFTERNOON', 0),
(15, 10, 19, '2026-07-18', 'EVENING', 1),
(16, 10, 14, '2026-07-18', 'AFTERNOON', 0),
(17, 11, 14, '2026-07-20', 'AFTERNOON', 0),
(18, 12, 19, '2026-07-22', 'BREAKFAST', 1),
(19, 13, 14, '2026-08-12', 'MORNING', 0),
(20, 13, 19, '2026-08-12', 'LUNCH', 1),
(21, 14, 14, '2026-09-11', 'MORNING', 0);

INSERT INTO account (
    accountId, reservationId, eventId, accountName, accountStatus, openedAt, closedAt
) VALUES
(1, 1, NULL, 'Lionel Messi February Stay', 'CLOSED', '2026-06-19 15:00:00', '2026-06-22 12:30:00'),
(2, 2, NULL, 'Cristiano Ronaldo March Stay', 'CLOSED', '2026-06-29 16:00:00', '2026-07-02 11:45:00'),
(3, 5, NULL, 'Zendaya Coleman March Suite', 'CLOSED', '2026-07-28 15:30:00', '2026-07-30 12:40:00'),
(4, NULL, 1, 'Winter Board Lunch Master Bill', 'CLOSED', '2026-05-11 00:00:00', '2026-05-11 14:00:00'),
(5, NULL, 2, 'Consulting Workshop Master Bill', 'CLOSED', '2026-05-11 00:00:00', '2026-05-22 17:30:00'),
(6, NULL, 3, 'Health Networking Mixer Master Bill', 'CLOSED', '2026-05-27 12:00:00', '2026-06-05 22:30:00'),
(7, 8, NULL, 'Emma Stone Stay', 'OPEN', '2026-08-21 15:30:00', NULL),
(8, 9, NULL, 'Denzel Washington Room and Tax', 'OPEN', '2026-08-22 15:10:00', NULL),
(9, 9, NULL, 'Denzel Washington Incidentals', 'OPEN', '2026-08-22 15:10:00', NULL),
(10, 10, NULL, 'Margot Robbie Corporate Stay', 'OPEN', '2026-08-24 15:45:00', NULL),
(11, 11, NULL, 'Leonardo DiCaprio Stay', 'OPEN', '2026-08-25 15:20:00', NULL),
(12, 12, NULL, 'Lionel Messi Spring Visit', 'OPEN', '2026-08-23 15:10:00', NULL),
(13, NULL, 6, 'Cross-Org Planning Session Master Bill', 'CLOSED', '2026-07-07 09:00:00', '2026-07-14 17:00:00'),
(14, NULL, 7, 'Investor Breakfast Master Bill', 'OPEN', '2026-07-11 10:00:00', NULL),
(15, NULL, 8, 'Admissions Reception Master Bill', 'OPEN', '2026-07-07 09:00:00', NULL),
(16, NULL, 9, 'Arts Council Banquet Master Bill', 'OPEN', '2026-07-08 11:00:00', NULL),
(17, 15, NULL, 'Zendaya Corporate Room Charges', 'CLOSED', '2026-06-27 15:05:00', '2026-06-30 12:15:00'),
(18, 15, NULL, 'Zendaya Corporate Incidentals', 'CLOSED', '2026-06-27 15:05:00', '2026-06-30 12:15:00'),
(19, 3, NULL, 'Megan Rapinoe Conference Stay', 'CLOSED', '2026-07-09 15:00:00', '2026-07-13 12:10:00'),
(20, 4, NULL, 'Kylian Mbappe Workshop Stay', 'CLOSED', '2026-07-15 15:00:00', '2026-07-18 11:50:00'),
(21, 6, NULL, 'Scarlett Johansson Retreat Stay', 'CLOSED', '2026-08-02 15:10:00', '2026-08-04 12:00:00'),
(22, 7, NULL, 'Robert Downey Family Stay', 'CLOSED', '2026-08-15 15:00:00', '2026-08-19 12:10:00'),
(23, 13, NULL, 'Tom Cruise Upcoming Stay', 'OPEN', '2026-08-26 15:00:00', NULL),
(24, 14, NULL, 'Jennifer Lawrence Upcoming Stay', 'OPEN', '2026-08-27 15:00:00', NULL),
(25, 17, NULL, 'Cristiano Ronaldo January Stay', 'CLOSED', '2026-05-11 15:00:00', '2026-05-14 12:15:00'),
(26, 19, NULL, 'Albert Einstein Faculty Stay', 'CLOSED', '2026-06-10 15:00:00', '2026-06-12 12:05:00'),
(27, 20, NULL, 'Marie Curie Summer Visit', 'CLOSED', '2026-07-10 15:10:00', '2026-07-12 12:10:00'),
(28, NULL, 13, 'Science Leadership Roundtable Master Bill', 'CLOSED', '2026-08-10 09:00:00', '2026-08-12 16:00:00');

INSERT INTO account_responsibility (
    accountId, partyId, responsibilityType, responsibilityPercent
) VALUES
(1, 1, 'FULL', 100.00),
(2, 2, 'FULL', 100.00),
(3, 5, 'FULL', 100.00),
(4, 16, 'FULL', 100.00),
(5, 17, 'FULL', 100.00),
(6, 18, 'FULL', 100.00),
(7, 8, 'FULL', 100.00),
(8, 20, 'FULL', 100.00),
(9, 9, 'FULL', 100.00),
(10, 17, 'FULL', 100.00),
(11, 11, 'FULL', 100.00),
(12, 1, 'FULL', 100.00),
(13, 17, 'FULL', 100.00),
(14, 17, 'FULL', 100.00),
(15, 16, 'FULL', 100.00),
(16, 19, 'FULL', 100.00),
(17, 18, 'FULL', 100.00),
(18, 18, 'SPLIT', 50.00),
(18, 5, 'SPLIT', 50.00),
(19, 16, 'FULL', 100.00),
(20, 17, 'FULL', 100.00),
(21, 18, 'FULL', 100.00),
(22, 7, 'FULL', 100.00),
(23, 16, 'FULL', 100.00),
(24, 13, 'FULL', 100.00),
(25, 2, 'FULL', 100.00),
(26, 16, 'FULL', 100.00),
(27, 22, 'FULL', 100.00),
(28, 16, 'FULL', 100.00);

INSERT INTO charge (
    chargeId, accountId, chargeType, description, amount, chargeTime,
    usedByGuestId, stayAssignmentId, eventId, createdByEmployeeId
) VALUES
(1, 1, 'ROOM_RATE', 'Night 1 room charge', 180.00, '2026-06-19 18:00:00', NULL, 1, NULL, 1),
(2, 1, 'ROOM_RATE', 'Night 2 room charge', 180.00, '2026-06-20 18:00:00', NULL, 1, NULL, 1),
(3, 1, 'ROOM_RATE', 'Night 3 room charge', 180.00, '2026-06-21 18:00:00', NULL, 1, NULL, 1),
(4, 1, 'ROOM_SERVICE', 'Dinner order', 36.00, '2026-06-20 20:15:00', 1, 1, NULL, 1),
(5, 1, 'PHONE', 'International call', 12.00, '2026-06-21 08:10:00', 1, 1, NULL, 1),
(6, 2, 'ROOM_RATE', 'Night 1 room charge', 195.00, '2026-06-29 18:30:00', NULL, 2, NULL, 1),
(7, 2, 'ROOM_RATE', 'Night 2 room charge', 195.00, '2026-06-30 18:30:00', NULL, 2, NULL, 1),
(8, 2, 'ROOM_RATE', 'Night 3 room charge', 195.00, '2026-07-01 18:30:00', NULL, 2, NULL, 1),
(9, 2, 'HEALTH_CLUB', 'Gym day pass', 20.00, '2026-07-01 19:00:00', 2, 2, NULL, 1),
(10, 3, 'ROOM_RATE', 'Suite night 1', 380.00, '2026-07-28 18:00:00', NULL, 5, NULL, 1),
(11, 3, 'ROOM_RATE', 'Suite night 2', 380.00, '2026-07-29 18:00:00', NULL, 5, NULL, 1),
(12, 3, 'ROOM_SURCHARGE', 'Late checkout extension', 60.00, '2026-07-29 11:00:00', NULL, 5, NULL, 1),
(13, 3, 'ROOM_SERVICE', 'Breakfast service', 35.00, '2026-07-29 08:30:00', 5, 5, NULL, 1),
(14, 4, 'FOOD_BEVERAGE', 'Catered lunch', 240.00, '2026-05-11 12:00:00', NULL, NULL, 1, 3),
(15, 4, 'MEETING_ROOM', 'Boardroom rental', 180.00, '2026-05-11 12:00:00', NULL, NULL, 1, 3),
(16, 5, 'MEETING_ROOM', 'Workshop room rental', 500.00, '2026-05-22 09:00:00', NULL, NULL, 2, 3),
(17, 5, 'BUSINESS_SERVICE', 'Projector and print package', 85.00, '2026-05-22 09:15:00', NULL, NULL, 2, 3),
(18, 6, 'MEETING_ROOM', 'Ballroom rental', 900.00, '2026-06-05 17:00:00', NULL, NULL, 3, 3),
(19, 6, 'FOOD_BEVERAGE', 'Mixer catering', 1200.00, '2026-06-05 18:00:00', NULL, NULL, 3, 3),
(20, 7, 'ROOM_RATE', 'Night 1 room charge', 195.00, '2026-08-21 18:00:00', NULL, 8, NULL, 1),
(21, 7, 'ROOM_RATE', 'Night 2 room charge', 195.00, '2026-08-22 18:00:00', NULL, 8, NULL, 1),
(22, 7, 'ROOM_RATE', 'Night 3 room charge', 195.00, '2026-08-23 18:00:00', NULL, 8, NULL, 1),
(23, 7, 'ROOM_RATE', 'Night 4 room charge', 195.00, '2026-08-24 18:00:00', NULL, 8, NULL, 1),
(24, 7, 'RETAIL', 'Lobby market purchase', 28.00, '2026-08-24 20:20:00', 8, 8, NULL, 5),
(25, 8, 'ROOM_RATE', 'Night 1 suite charge', 380.00, '2026-08-22 18:00:00', NULL, 9, NULL, 1),
(26, 8, 'ROOM_RATE', 'Night 2 suite charge', 380.00, '2026-08-23 18:00:00', NULL, 9, NULL, 1),
(27, 8, 'ROOM_RATE', 'Night 3 suite charge', 380.00, '2026-08-24 18:00:00', NULL, 9, NULL, 1),
(28, 8, 'ROOM_RATE', 'Night 4 suite charge', 380.00, '2026-08-25 18:00:00', NULL, 9, NULL, 1),
(29, 9, 'ROOM_SERVICE', 'Late dinner tray', 42.00, '2026-08-23 21:00:00', 9, 9, NULL, 1),
(30, 9, 'PHONE', 'Client conference call', 18.00, '2026-08-24 08:40:00', 9, 9, NULL, 1),
(31, 10, 'ROOM_RATE', 'Night 1 room charge', 170.00, '2026-08-24 18:00:00', NULL, 10, NULL, 1),
(32, 10, 'ROOM_RATE', 'Night 2 room charge', 170.00, '2026-08-25 18:00:00', NULL, 10, NULL, 1),
(33, 10, 'BUSINESS_SERVICE', 'Express printing', 24.00, '2026-08-25 20:10:00', 10, 10, NULL, 5),
(34, 11, 'ROOM_RATE', 'Night 1 room charge', 145.00, '2026-08-25 18:00:00', NULL, 11, NULL, 1),
(35, 12, 'ROOM_RATE', 'Night 1 visit charge', 320.00, '2026-08-23 18:00:00', NULL, 12, NULL, 1),
(36, 12, 'ROOM_RATE', 'Night 2 visit charge', 320.00, '2026-08-24 18:00:00', NULL, 13, NULL, 1),
(37, 12, 'ROOM_RATE', 'Night 3 visit charge', 320.00, '2026-08-25 18:00:00', NULL, 13, NULL, 1),
(38, 12, 'ROOM_SERVICE', 'Evening tea service', 48.00, '2026-08-25 21:20:00', 1, 13, NULL, 1),
(39, 12, 'ROOM_SURCHARGE', 'Late checkout approved surcharge', 75.00, '2026-08-27 12:30:00', NULL, 13, NULL, 1),
(40, 13, 'MEETING_ROOM', 'Planning session room rental', 260.00, '2026-07-14 15:00:00', NULL, NULL, 6, 3),
(41, 13, 'FOOD_BEVERAGE', 'Coffee and snacks', 140.00, '2026-07-14 15:15:00', NULL, NULL, 6, 3),
(42, 14, 'MEETING_ROOM', 'Breakfast room rental', 210.00, '2026-07-15 08:00:00', NULL, NULL, 7, 3),
(43, 14, 'FOOD_BEVERAGE', 'Continental breakfast buffet', 180.00, '2026-07-15 08:10:00', NULL, NULL, 7, 3),
(44, 15, 'MEETING_ROOM', 'Reception ballroom rental', 550.00, '2026-07-16 18:00:00', NULL, NULL, 8, 3),
(45, 15, 'FOOD_BEVERAGE', 'Reception catering', 640.00, '2026-07-16 18:15:00', NULL, NULL, 8, 3),
(46, 16, 'MEETING_ROOM', 'Banquet ballroom rental', 950.00, '2026-07-17 18:00:00', NULL, NULL, 9, 3),
(47, 16, 'FOOD_BEVERAGE', 'Banquet catering', 1350.00, '2026-07-17 18:20:00', NULL, NULL, 9, 3),
(48, 17, 'ROOM_RATE', 'Night 1 corporate room charge', 330.00, '2026-06-27 18:00:00', NULL, 16, NULL, 1),
(49, 17, 'ROOM_RATE', 'Night 2 corporate room charge', 330.00, '2026-06-28 18:00:00', NULL, 16, NULL, 1),
(50, 17, 'ROOM_RATE', 'Night 3 corporate room charge', 330.00, '2026-06-29 18:00:00', NULL, 16, NULL, 1),
(51, 18, 'ROOM_SERVICE', 'Late snack tray', 30.00, '2026-06-28 08:00:00', 5, 16, NULL, 1),
(52, 18, 'HEALTH_CLUB', 'Massage appointment', 25.00, '2026-06-29 17:15:00', 5, 16, NULL, 1),
(53, 19, 'ROOM_RATE', 'Night 1 conference charge', 195.00, '2026-07-09 18:00:00', NULL, 3, NULL, 1),
(54, 19, 'ROOM_RATE', 'Night 2 conference charge', 195.00, '2026-07-10 18:00:00', NULL, 3, NULL, 1),
(55, 19, 'ROOM_RATE', 'Night 3 conference charge', 195.00, '2026-07-11 18:00:00', NULL, 3, NULL, 1),
(56, 19, 'ROOM_RATE', 'Night 4 conference charge', 195.00, '2026-07-12 18:00:00', NULL, 3, NULL, 1),
(57, 20, 'ROOM_RATE', 'Night 1 workshop stay charge', 170.00, '2026-07-15 18:00:00', NULL, 4, NULL, 1),
(58, 20, 'ROOM_RATE', 'Night 2 workshop stay charge', 170.00, '2026-07-16 18:00:00', NULL, 4, NULL, 1),
(59, 20, 'ROOM_RATE', 'Night 3 workshop stay charge', 170.00, '2026-07-17 18:00:00', NULL, 4, NULL, 1),
(60, 21, 'ROOM_RATE', 'Night 1 retreat stay charge', 200.00, '2026-08-02 18:00:00', NULL, 6, NULL, 1),
(61, 21, 'ROOM_RATE', 'Night 2 retreat stay charge', 200.00, '2026-08-03 18:00:00', NULL, 6, NULL, 1),
(62, 22, 'ROOM_RATE', 'Night 1 family stay charge', 240.00, '2026-08-15 18:00:00', NULL, 7, NULL, 1),
(63, 22, 'ROOM_RATE', 'Night 2 family stay charge', 240.00, '2026-08-16 18:00:00', NULL, 7, NULL, 1),
(64, 22, 'ROOM_RATE', 'Night 3 family stay charge', 240.00, '2026-08-17 18:00:00', NULL, 7, NULL, 1),
(65, 22, 'ROOM_RATE', 'Night 4 family stay charge', 240.00, '2026-08-18 18:00:00', NULL, 7, NULL, 1),
(66, 25, 'ROOM_RATE', 'Night 1 room charge', 185.00, '2026-05-11 18:00:00', NULL, 17, NULL, 1),
(67, 25, 'ROOM_RATE', 'Night 2 room charge', 185.00, '2026-05-12 18:00:00', NULL, 17, NULL, 1),
(68, 25, 'ROOM_RATE', 'Night 3 room charge', 185.00, '2026-05-13 18:00:00', NULL, 17, NULL, 1),
(69, 25, 'HEALTH_CLUB', 'Recovery session', 25.00, '2026-05-13 20:00:00', 2, 17, NULL, 1),
(70, 26, 'ROOM_RATE', 'Night 1 faculty stay charge', 210.00, '2026-06-10 18:00:00', NULL, 19, NULL, 1),
(71, 26, 'ROOM_RATE', 'Night 2 faculty stay charge', 210.00, '2026-06-11 18:00:00', NULL, 19, NULL, 1),
(72, 26, 'ROOM_SERVICE', 'Evening tea service', 26.00, '2026-06-11 20:00:00', 16, 19, NULL, 1),
(73, 27, 'ROOM_RATE', 'Night 1 summer stay charge', 240.00, '2026-07-10 18:00:00', NULL, 20, NULL, 1),
(74, 27, 'ROOM_RATE', 'Night 2 summer stay charge', 240.00, '2026-07-11 18:00:00', NULL, 20, NULL, 1),
(75, 28, 'MEETING_ROOM', 'Roundtable meeting room rental', 260.00, '2026-08-12 09:00:00', NULL, NULL, 13, 3);

INSERT INTO payment (
    paymentId, accountId, paidByPartyId, paymentMethod, amount, paymentTime, referenceNumber
) VALUES
(1, 1, 1, 'VISA', 588.00, '2026-06-22 11:55:00', 'AUTH2001'),
(2, 2, 2, 'MASTERCARD', 605.00, '2026-07-02 11:35:00', 'AUTH2002'),
(3, 3, 5, 'AMEX', 855.00, '2026-07-30 12:05:00', 'AUTH2003'),
(4, 4, 16, 'BANK_TRANSFER', 420.00, '2026-05-11 00:00:00', 'BT3001'),
(5, 5, 17, 'BANK_TRANSFER', 585.00, '2026-05-20 09:45:00', 'BT3002'),
(6, 6, 18, 'BANK_TRANSFER', 2100.00, '2026-06-04 16:00:00', 'BT3003'),
(7, 7, 8, 'VISA', 300.00, '2026-08-21 15:35:00', 'AUTH2004'),
(8, 8, 20, 'ACH', 800.00, '2026-08-22 15:15:00', 'ACH4001'),
(9, 9, 9, 'VISA', 20.00, '2026-08-23 09:15:00', 'AUTH2005'),
(10, 10, 17, 'CORPORATE_CARD', 200.00, '2026-08-24 15:50:00', 'CORP5001'),
(11, 11, 11, 'VISA', 75.00, '2026-08-25 15:25:00', 'AUTH2006'),
(12, 12, 1, 'VISA', 400.00, '2026-08-23 15:20:00', 'AUTH2007'),
(13, 13, 17, 'ACH', 400.00, '2026-07-14 17:05:00', 'ACH4002'),
(14, 17, 18, 'BANK_TRANSFER', 990.00, '2026-06-27 15:20:00', 'BT3004'),
(15, 18, 18, 'BANK_TRANSFER', 27.50, '2026-06-29 18:10:00', 'BT3005'),
(16, 18, 5, 'AMEX', 27.50, '2026-06-30 10:30:00', 'AUTH2008'),
(17, 19, 16, 'BANK_TRANSFER', 780.00, '2026-07-13 10:30:00', 'BT3006'),
(18, 20, 17, 'BANK_TRANSFER', 510.00, '2026-07-18 11:20:00', 'BT3007'),
(19, 21, 18, 'BANK_TRANSFER', 400.00, '2026-08-04 10:50:00', 'BT3008'),
(20, 22, 7, 'VISA', 960.00, '2026-08-19 11:45:00', 'AUTH2009'),
(21, 25, 2, 'VISA', 580.00, '2026-05-14 11:40:00', 'AUTH2010'),
(22, 26, 16, 'BANK_TRANSFER', 446.00, '2026-06-12 11:50:00', 'BT3011'),
(23, 27, 22, 'VISA', 480.00, '2026-07-12 11:45:00', 'AUTH2011'),
(24, 28, 16, 'BANK_TRANSFER', 260.00, '2026-08-12 16:10:00', 'BT3012');

INSERT INTO card_swipe_log (
    logId, readerId, guestId, employeeId, direction, swipeTime
) VALUES
(1, 15, 1, NULL, 'IN', '2026-06-19 15:02:00'),
(2, 1, NULL, 1, 'IN', '2026-06-19 14:45:00'),
(3, 3, 1, NULL, 'OUT', '2026-06-20 08:30:00'),
(4, 11, 1, NULL, 'IN', '2026-06-21 11:55:00'),
(5, 6, 2, NULL, 'IN', '2026-06-29 16:01:00'),
(6, 2, 2, NULL, 'IN', '2026-07-01 07:20:00'),
(7, 12, 5, NULL, 'IN', '2026-07-16 17:45:00'),
(8, 14, 5, NULL, 'OUT', '2026-06-29 13:10:00'),
(9, 4, NULL, 4, 'IN', '2026-08-19 12:05:00'),
(10, 15, 7, NULL, 'IN', '2026-08-15 15:06:00'),
(11, 6, 8, NULL, 'IN', '2026-08-21 15:33:00'),
(12, 8, 9, NULL, 'IN', '2026-08-22 15:12:00'),
(13, 9, 10, NULL, 'IN', '2026-08-24 15:47:00'),
(14, 7, 1, NULL, 'IN', '2026-08-24 16:05:00'),
(15, 13, 10, NULL, 'IN', '2026-08-24 16:30:00'),
(16, 2, 9, NULL, 'IN', '2026-08-24 18:40:00'),
(17, 11, 8, NULL, 'IN', '2026-08-25 07:55:00'),
(18, 13, 4, NULL, 'IN', '2026-08-25 08:02:00'),
(19, 10, 11, NULL, 'IN', '2026-08-25 15:21:00'),
(20, 1, NULL, 5, 'IN', '2026-08-25 16:05:00'),
(21, 7, 1, NULL, 'OUT', '2026-08-25 17:10:00'),
(22, 8, 9, NULL, 'OUT', '2026-08-25 17:35:00'),
(23, 9, 10, NULL, 'OUT', '2026-08-25 17:50:00'),
(24, 12, 14, NULL, 'IN', '2026-08-27 17:40:00'),
(25, 15, 16, NULL, 'IN', '2026-08-26 10:15:00'),
(26, 1, 17, NULL, 'IN', '2026-08-26 10:18:00'),
(27, 1, 18, NULL, 'IN', '2026-08-26 10:22:00'),
(28, 15, 16, NULL, 'IN', '2026-06-10 15:05:00'),
(29, 5, 17, NULL, 'IN', '2026-07-10 15:12:00'),
(30, 14, 18, NULL, 'IN', '2026-09-11 09:10:00');

INSERT INTO guest_message (messageId, guestId, messageContent, messageTime) VALUES
(1, 1, 'Package waiting at front desk.', '2026-06-20 17:30:00'),
(2, 5, 'Late checkout approved until 2 PM.', '2026-07-29 09:00:00'),
(3, 3, 'Shuttle to conference center leaves at 8 AM.', '2026-07-09 20:00:00'),
(4, 8, 'Dry cleaning is ready at the front desk.', '2026-08-23 19:15:00'),
(5, 9, 'Robotics team packets were delivered to suite 205.', '2026-08-24 21:05:00'),
(6, 10, 'Breakfast vouchers are available at concierge.', '2026-08-25 19:00:00'),
(7, 11, 'Airport car confirmed for 11 AM checkout.', '2026-08-25 20:10:00'),
(8, 5, 'Please call the sales manager regarding the sponsor invoice.', '2026-07-16 16:45:00'),
(9, 1, 'Moved to suite 204 due to HVAC issue in room 203.', '2026-08-24 14:20:00'),
(10, 12, 'Your room will be ready after 4 PM on arrival day.', '2026-08-25 13:10:00'),
(11, 16, 'Reception badge is ready at the front desk.', '2026-08-26 10:30:00'),
(12, 17, 'Salon schedule has been delivered to your email.', '2026-08-26 10:35:00'),
(13, 18, 'Breakfast seating chart is available at concierge.', '2026-08-26 10:40:00'),
(14, 16, 'Faculty welcome packet is ready at reception.', '2026-06-10 16:30:00'),
(15, 17, 'Your assistant badges are prepared at concierge.', '2026-07-10 17:00:00'),
(16, 18, 'Briefing room opens at 8:30 AM tomorrow.', '2026-09-10 18:15:00'),
(17, 1, 'Analytics panel starts in Ballroom B104 at 9 AM.', '2026-09-10 19:00:00');
